Data,Valor,Descricao
2023-02-20,233.00,Pagamento Fictício
2023-02-21,103.90,Pagamento Fictício
2023-02-22,297.00,Pagamento Fictício
2023-02-23,122.00,Pagamento Fictício
2023-02-24,296.75,Pagamento Fictício
2023-02-27,112.50,Pagamento Fictício
2023-02-28,290.75,Pagamento Fictício
2023-03-01,266.25,Pagamento Fictício
2023-03-02,156.75,Pagamento Fictício
2023-03-03,275.25,Pagamento Fictício
2023-03-06,172.50,Pagamento Fictício
2023-03-07,294.90,Pagamento Fictício
2023-03-08,261.90,Pagamento Fictício
2023-03-09,165.75,Pagamento Fictício
2023-03-10,145.25,Pagamento Fictício
2023-03-13,249.75,Pagamento Fictício
2023-03-14,234.00,Pagamento Fictício
2023-03-15,277.00,Pagamento Fictício
2023-03-16,200.50,Pagamento Fictício
2023-03-17,172.75,Pagamento Fictício
2023-03-20,233.90,Pagamento Fictício
2023-03-21,159.50,Pagamento Fictício
2023-03-22,135.50,Pagamento Fictício
2023-03-23,113.75,Pagamento Fictício
2023-03-24,266.00,Pagamento Fictício
2023-03-27,190.50,Pagamento Fictício
2023-03-28,112.75,Pagamento Fictício
2023-03-29,214.25,Pagamento Fictício
2023-03-30,269.25,Pagamento Fictício
2023-03-31,267.25,Pagamento Fictício
2023-04-03,213.50,Pagamento Fictício
2023-04-04,245.00,Pagamento Fictício
2023-04-05,265.75,Pagamento Fictício
2023-04-06,216.90,Pagamento Fictício
2023-04-07,245.90,Pagamento Fictício
2023-04-10,248.75,Pagamento Fictício
2023-04-11,187.75,Pagamento Fictício
2023-04-12,261.90,Pagamento Fictício
2023-04-13,217.25,Pagamento Fictício
2023-04-14,277.90,Pagamento Fictício
2023-04-17,178.00,Pagamento Fictício
2023-04-18,260.75,Pagamento Fictício
2023-04-19,279.00,Pagamento Fictício
2023-04-20,247.90,Pagamento Fictício
2023-04-21,212.00,Pagamento Fictício
2023-04-24,172.00,Pagamento Fictício
2023-04-25,225.00,Pagamento Fictício
2023-04-26,131.25,Pagamento Fictício
2023-04-27,131.75,Pagamento Fictício
2023-04-28,244.75,Pagamento Fictício
2023-05-01,173.50,Pagamento Fictício
2023-05-02,183.75,Pagamento Fictício
2023-05-03,106.25,Pagamento Fictício
2023-05-04,190.25,Pagamento Fictício
2023-05-05,272.00,Pagamento Fictício
2023-05-08,298.75,Pagamento Fictício
2023-05-09,217.50,Pagamento Fictício
2023-05-10,284.50,Pagamento Fictício
2023-05-11,113.25,Pagamento Fictício
2023-05-12,256.75,Pagamento Fictício
2023-05-15,172.75,Pagamento Fictício
2023-05-16,180.00,Pagamento Fictício
2023-05-17,168.25,Pagamento Fictício
2023-05-18,262.75,Pagamento Fictício
2023-05-19,140.75,Pagamento Fictício
2023-05-22,176.25,Pagamento Fictício
2023-05-23,167.25,Pagamento Fictício
2023-05-24,107.00,Pagamento Fictício
2023-05-25,175.25,Pagamento Fictício
2023-05-26,188.25,Pagamento Fictício
2023-05-29,131.25,Pagamento Fictício
2023-05-30,234.50,Pagamento Fictício
2023-05-31,286.50,Pagamento Fictício
2023-06-01,151.50,Pagamento Fictício
2023-06-02,171.75,Pagamento Fictício
2023-06-05,242.50,Pagamento Fictício
2023-06-06,147.50,Pagamento Fictício
2023-06-07,261.50,Pagamento Fictício
2023-06-08,283.00,Pagamento Fictício
2023-06-09,138.90,Pagamento Fictício
2023-06-12,228.90,Pagamento Fictício
2023-06-13,194.25,Pagamento Fictício
2023-06-14,175.75,Pagamento Fictício
2023-06-15,106.75,Pagamento Fictício
2023-06-16,297.75,Pagamento Fictício
2023-06-19,118.00,Pagamento Fictício
2023-06-20,201.75,Pagamento Fictício
2023-06-21,174.50,Pagamento Fictício
2023-06-22,224.75,Pagamento Fictício
2023-06-23,218.75,Pagamento Fictício
2023-06-26,287.25,Pagamento Fictício
2023-06-27,284.50,Pagamento Fictício
2023-06-28,245.00,Pagamento Fictício
2023-06-29,279.00,Pagamento Fictício
2023-06-30,191.75,Pagamento Fictício
2023-07-03,130.25,Pagamento Fictício
2023-07-04,215.25,Pagamento Fictício
2023-07-05,291.75,Pagamento Fictício
2023-07-06,169.50,Pagamento Fictício
2023-07-07,284.75,Pagamento Fictício
2023-07-10,215.75,Pagamento Fictício
2023-07-11,177.25,Pagamento Fictício
2023-07-12,205.75,Pagamento Fictício
2023-07-13,258.75,Pagamento Fictício
2023-07-14,277.00,Pagamento Fictício
2023-07-17,139.50,Pagamento Fictício
2023-07-18,287.90,Pagamento Fictício
2023-07-19,131.90,Pagamento Fictício
2023-07-20,234.25,Pagamento Fictício
2023-07-21,259.00,Pagamento Fictício
2023-07-24,198.75,Pagamento Fictício
2023-07-25,264.50,Pagamento Fictício
2023-07-26,198.90,Pagamento Fictício
2023-07-27,269.90,Pagamento Fictício
2023-07-28,159.00,Pagamento Fictício
2023-07-31,231.25,Pagamento Fictício
2023-08-01,252.75,Pagamento Fictício
2023-08-02,160.50,Pagamento Fictício
2023-08-03,224.75,Pagamento Fictício
2023-08-04,136.25,Pagamento Fictício
2023-08-07,156.25,Pagamento Fictício
2023-08-08,180.90,Pagamento Fictício
2023-08-09,131.90,Pagamento Fictício
2023-08-10,277.75,Pagamento Fictício
2023-08-11,100.00,Pagamento Fictício
2023-08-14,274.00,Pagamento Fictício
2023-08-15,277.00,Pagamento Fictício
2023-08-16,263.75,Pagamento Fictício
2023-08-17,203.90,Pagamento Fictício
2023-08-18,227.50,Pagamento Fictício
2023-08-21,192.90,Pagamento Fictício
2023-08-22,133.90,Pagamento Fictício
2023-08-23,145.50,Pagamento Fictício
2023-08-24,114.00,Pagamento Fictício
2023-08-25,176.75,Pagamento Fictício
2023-08-28,129.75,Pagamento Fictício
2023-08-29,227.75,Pagamento Fictício
2023-08-30,172.25,Pagamento Fictício
2023-08-31,268.25,Pagamento Fictício
2023-09-01,147.90,Pagamento Fictício
2023-09-04,202.00,Pagamento Fictício
2023-09-05,218.00,Pagamento Fictício
2023-09-06,202.25,Pagamento Fictício
2023-09-07,180.75,Pagamento Fictício
2023-09-08,235.75,Pagamento Fictício
2023-09-11,262.50,Pagamento Fictício
2023-09-12,103.50,Pagamento Fictício
2023-09-13,193.00,Pagamento Fictício
2023-09-14,192.00,Pagamento Fictício
2023-09-15,107.90,Pagamento Fictício
2023-09-18,225.90,Pagamento Fictício
2023-09-19,249.90,Pagamento Fictício
2023-09-20,173.50,Pagamento Fictício
2023-09-21,102.50,Pagamento Fictício
2023-09-22,274.25,Pagamento Fictício
2023-09-25,188.90,Pagamento Fictício
2023-09-26,213.25,Pagamento Fictício
2023-09-27,200.00,Pagamento Fictício
2023-09-28,100.50,Pagamento Fictício
2023-09-29,241.75,Pagamento Fictício
2023-10-02,112.75,Pagamento Fictício
2023-10-03,169.75,Pagamento Fictício
2023-10-04,175.00,Pagamento Fictício
2023-10-05,230.50,Pagamento Fictício
2023-10-06,288.50,Pagamento Fictício
2023-10-09,212.90,Pagamento Fictício
2023-10-10,213.90,Pagamento Fictício
2023-10-11,165.50,Pagamento Fictício
2023-10-12,108.75,Pagamento Fictício
2023-10-13,266.75,Pagamento Fictício
2023-10-16,197.90,Pagamento Fictício
2023-10-17,257.00,Pagamento Fictício
2023-10-18,183.50,Pagamento Fictício
2023-10-19,294.25,Pagamento Fictício
2023-10-20,288.50,Pagamento Fictício
2023-10-23,289.50,Pagamento Fictício
2023-10-24,168.75,Pagamento Fictício
2023-10-25,193.00,Pagamento Fictício
2023-10-26,162.50,Pagamento Fictício
2023-10-27,134.90,Pagamento Fictício
2023-10-30,138.00,Pagamento Fictício
2023-10-31,297.25,Pagamento Fictício
2023-11-01,230.25,Pagamento Fictício
2023-11-02,211.25,Pagamento Fictício
2023-11-03,237.50,Pagamento Fictício
2023-11-06,107.90,Pagamento Fictício
2023-11-07,291.00,Pagamento Fictício
2023-11-08,274.00,Pagamento Fictício
2023-11-09,199.50,Pagamento Fictício
2023-11-10,191.75,Pagamento Fictício
2023-11-13,238.00,Pagamento Fictício
2023-11-14,131.00,Pagamento Fictício
2023-11-15,148.25,Pagamento Fictício
2023-11-16,222.90,Pagamento Fictício
2023-11-17,249.00,Pagamento Fictício
2023-11-20,224.50,Pagamento Fictício
2023-11-21,176.25,Pagamento Fictício
2023-11-22,179.90,Pagamento Fictício
2023-11-23,114.75,Pagamento Fictício
2023-11-24,288.90,Pagamento Fictício
2023-11-27,202.50,Pagamento Fictício
2023-11-28,217.50,Pagamento Fictício
2023-11-29,174.75,Pagamento Fictício
2023-11-30,115.00,Pagamento Fictício
2023-12-01,159.90,Pagamento Fictício
2023-12-04,259.90,Pagamento Fictício
2023-12-05,148.00,Pagamento Fictício
2023-12-06,274.00,Pagamento Fictício
2023-12-07,180.25,Pagamento Fictício
2023-12-08,245.25,Pagamento Fictício
2023-12-11,285.00,Pagamento Fictício
2023-12-12,120.75,Pagamento Fictício
2023-12-13,261.50,Pagamento Fictício
2023-12-14,158.75,Pagamento Fictício
2023-12-15,261.25,Pagamento Fictício
2023-12-18,199.00,Pagamento Fictício
2023-12-19,208.25,Pagamento Fictício
2023-12-20,276.90,Pagamento Fictício
2023-12-21,175.50,Pagamento Fictício
2023-12-22,122.90,Pagamento Fictício
2023-12-25,289.25,Pagamento Fictício
2023-12-26,108.75,Pagamento Fictício
2023-12-27,105.50,Pagamento Fictício
2023-12-28,280.25,Pagamento Fictício
2023-12-29,152.75,Pagamento Fictício
2024-01-01,216.90,Pagamento Fictício
2024-01-02,202.00,Pagamento Fictício
2024-01-03,211.00,Pagamento Fictício
2024-01-04,210.25,Pagamento Fictício
2024-01-05,191.25,Pagamento Fictício
2024-01-08,210.00,Pagamento Fictício
2024-01-09,233.75,Pagamento Fictício
2024-01-10,285.75,Pagamento Fictício
2024-01-11,130.90,Pagamento Fictício
2024-01-12,194.25,Pagamento Fictício
2024-01-15,249.90,Pagamento Fictício
2024-01-16,171.75,Pagamento Fictício
2024-01-17,283.00,Pagamento Fictício
2024-01-18,103.00,Pagamento Fictício
2024-01-19,230.25,Pagamento Fictício
2024-01-22,290.75,Pagamento Fictício
2024-01-23,104.75,Pagamento Fictício
2024-01-24,152.90,Pagamento Fictício
2024-01-25,237.25,Pagamento Fictício
2024-01-26,258.50,Pagamento Fictício
2024-01-29,112.75,Pagamento Fictício
2024-01-30,274.25,Pagamento Fictício
2024-01-31,142.00,Pagamento Fictício
2024-02-01,278.50,Pagamento Fictício
2024-02-02,213.50,Pagamento Fictício
2024-02-05,139.50,Pagamento Fictício
2024-02-06,105.75,Pagamento Fictício
2024-02-07,107.50,Pagamento Fictício
2024-02-08,215.90,Pagamento Fictício
2024-02-09,244.25,Pagamento Fictício
2024-02-12,293.25,Pagamento Fictício
2024-02-13,152.75,Pagamento Fictício
2024-02-14,184.00,Pagamento Fictício
2024-02-15,106.50,Pagamento Fictício
2024-02-16,269.50,Pagamento Fictício
2024-02-19,279.25,Pagamento Fictício
2024-02-20,256.50,Pagamento Fictício
2024-02-21,102.50,Pagamento Fictício
2024-02-22,133.90,Pagamento Fictício
2024-02-23,266.50,Pagamento Fictício
2024-02-26,264.00,Pagamento Fictício
2024-02-27,182.25,Pagamento Fictício
2024-02-28,144.25,Pagamento Fictício
2024-02-29,157.00,Pagamento Fictício
2024-03-01,252.00,Pagamento Fictício
2024-03-04,250.90,Pagamento Fictício
2024-03-05,119.50,Pagamento Fictício
2024-03-06,190.25,Pagamento Fictício
2024-03-07,211.75,Pagamento Fictício
2024-03-08,274.00,Pagamento Fictício
2024-03-11,168.25,Pagamento Fictício
2024-03-12,113.75,Pagamento Fictício
2024-03-13,120.75,Pagamento Fictício
2024-03-14,260.00,Pagamento Fictício
2024-03-15,194.25,Pagamento Fictício
2024-03-18,207.25,Pagamento Fictício
2024-03-19,204.00,Pagamento Fictício
2024-03-20,160.00,Pagamento Fictício
2024-03-21,268.00,Pagamento Fictício
2024-03-22,121.75,Pagamento Fictício
2024-03-25,244.00,Pagamento Fictício
2024-03-26,184.50,Pagamento Fictício
2024-03-27,227.50,Pagamento Fictício
2024-03-28,170.25,Pagamento Fictício
2024-03-29,106.50,Pagamento Fictício
2024-04-01,203.25,Pagamento Fictício
2024-04-02,286.00,Pagamento Fictício
2024-04-03,153.00,Pagamento Fictício
2024-04-04,121.25,Pagamento Fictício
2024-04-05,141.75,Pagamento Fictício
2024-04-08,272.50,Pagamento Fictício
2024-04-09,104.25,Pagamento Fictício
2024-04-10,174.90,Pagamento Fictício
2024-04-11,228.00,Pagamento Fictício
2024-04-12,147.00,Pagamento Fictício
2024-04-15,120.90,Pagamento Fictício
2024-04-16,248.50,Pagamento Fictício
2024-04-17,167.00,Pagamento Fictício
2024-04-18,225.50,Pagamento Fictício
2024-04-19,176.50,Pagamento Fictício
2024-04-22,193.75,Pagamento Fictício
2024-04-23,168.25,Pagamento Fictício
2024-04-24,278.50,Pagamento Fictício
2024-04-25,189.75,Pagamento Fictício
2024-04-26,136.90,Pagamento Fictício
2024-04-29,157.90,Pagamento Fictício
2024-04-30,298.90,Pagamento Fictício
2024-05-01,183.75,Pagamento Fictício
2024-05-02,111.25,Pagamento Fictício
2024-05-03,237.75,Pagamento Fictício
2024-05-06,233.00,Pagamento Fictício
2024-05-07,229.90,Pagamento Fictício
2024-05-08,293.90,Pagamento Fictício
2024-05-09,210.90,Pagamento Fictício
2024-05-10,158.25,Pagamento Fictício
2024-05-13,225.00,Pagamento Fictício
2024-05-14,213.90,Pagamento Fictício
2024-05-15,209.90,Pagamento Fictício
2024-05-16,114.00,Pagamento Fictício
2024-05-17,110.75,Pagamento Fictício
2024-05-20,120.50,Pagamento Fictício
2024-05-21,179.75,Pagamento Fictício
2024-05-22,290.50,Pagamento Fictício
2024-05-23,169.25,Pagamento Fictício
2024-05-24,176.90,Pagamento Fictício
2024-05-27,277.00,Pagamento Fictício
2024-05-28,233.50,Pagamento Fictício
2024-05-29,221.00,Pagamento Fictício
2024-05-30,230.90,Pagamento Fictício
2024-05-31,286.90,Pagamento Fictício
2024-06-03,235.00,Pagamento Fictício
2024-06-04,213.25,Pagamento Fictício
2024-06-05,200.75,Pagamento Fictício
2024-06-06,173.90,Pagamento Fictício
2024-06-07,104.25,Pagamento Fictício
2024-06-10,289.50,Pagamento Fictício
2024-06-11,161.25,Pagamento Fictício
2024-06-12,121.25,Pagamento Fictício
2024-06-13,133.25,Pagamento Fictício
2024-06-14,151.90,Pagamento Fictício
2024-06-17,241.00,Pagamento Fictício
2024-06-18,125.00,Pagamento Fictício
2024-06-19,191.90,Pagamento Fictício
2024-06-20,159.90,Pagamento Fictício
2024-06-21,106.90,Pagamento Fictício
2024-06-24,148.25,Pagamento Fictício
2024-06-25,240.00,Pagamento Fictício
2024-06-26,112.50,Pagamento Fictício
2024-06-27,165.50,Pagamento Fictício
2024-06-28,159.00,Pagamento Fictício
2024-07-01,249.00,Pagamento Fictício
2024-07-02,262.75,Pagamento Fictício
2024-07-03,127.50,Pagamento Fictício
2024-07-04,231.00,Pagamento Fictício
2024-07-05,291.50,Pagamento Fictício
2024-07-08,192.00,Pagamento Fictício
2024-07-09,188.50,Pagamento Fictício
2024-07-10,249.90,Pagamento Fictício
2024-07-11,183.90,Pagamento Fictício
2024-07-12,245.00,Pagamento Fictício
2024-07-15,201.90,Pagamento Fictício
2024-07-16,186.50,Pagamento Fictício
2024-07-17,116.50,Pagamento Fictício
2024-07-18,180.00,Pagamento Fictício
2024-07-19,182.25,Pagamento Fictício
2024-07-22,148.75,Pagamento Fictício
2024-07-23,166.50,Pagamento Fictício
2024-07-24,160.90,Pagamento Fictício
2024-07-25,290.25,Pagamento Fictício
2024-07-26,268.50,Pagamento Fictício
2024-07-29,215.50,Pagamento Fictício
2024-07-30,193.25,Pagamento Fictício
2024-07-31,264.50,Pagamento Fictício
2024-08-01,118.50,Pagamento Fictício
2024-08-02,256.90,Pagamento Fictício
2024-08-05,128.90,Pagamento Fictício
2024-08-06,138.50,Pagamento Fictício
2024-08-07,156.25,Pagamento Fictício
2024-08-08,228.75,Pagamento Fictício
2024-08-09,170.90,Pagamento Fictício
2024-08-12,217.00,Pagamento Fictício
2024-08-13,190.25,Pagamento Fictício
2024-08-14,169.00,Pagamento Fictício
2024-08-15,279.25,Pagamento Fictício
2024-08-16,158.00,Pagamento Fictício
2024-08-19,138.50,Pagamento Fictício
2024-08-20,219.75,Pagamento Fictício
2024-08-21,212.90,Pagamento Fictício
2024-08-22,255.75,Pagamento Fictício
2024-08-23,105.90,Pagamento Fictício
2024-08-26,189.50,Pagamento Fictício
2024-08-27,170.50,Pagamento Fictício
2024-08-28,244.50,Pagamento Fictício
2024-08-29,223.90,Pagamento Fictício
2024-08-30,109.00,Pagamento Fictício
2024-09-02,292.90,Pagamento Fictício
2024-09-03,277.75,Pagamento Fictício
2024-09-04,153.25,Pagamento Fictício
2024-09-05,216.00,Pagamento Fictício
2024-09-06,125.75,Pagamento Fictício
2024-09-09,236.50,Pagamento Fictício
2024-09-10,252.90,Pagamento Fictício
2024-09-11,158.00,Pagamento Fictício
2024-09-12,177.25,Pagamento Fictício
2024-09-13,261.50,Pagamento Fictício
2024-09-16,285.50,Pagamento Fictício
2024-09-17,190.00,Pagamento Fictício
2024-09-18,129.90,Pagamento Fictício
2024-09-19,169.90,Pagamento Fictício
2024-09-20,297.50,Pagamento Fictício
2024-09-23,281.00,Pagamento Fictício
2024-09-24,247.00,Pagamento Fictício
2024-09-25,218.90,Pagamento Fictício
2024-09-26,244.75,Pagamento Fictício
2024-09-27,125.00,Pagamento Fictício
2024-09-30,255.00,Pagamento Fictício
2024-10-01,173.00,Pagamento Fictício
2024-10-02,147.50,Pagamento Fictício
2024-10-03,178.00,Pagamento Fictício
2024-10-04,123.90,Pagamento Fictício
2024-10-07,205.50,Pagamento Fictício
2024-10-08,291.25,Pagamento Fictício
2024-10-09,113.00,Pagamento Fictício
2024-10-10,231.90,Pagamento Fictício
2024-10-11,215.25,Pagamento Fictício
2024-10-14,141.90,Pagamento Fictício
2024-10-15,106.50,Pagamento Fictício
2024-10-16,136.00,Pagamento Fictício
2024-10-17,203.00,Pagamento Fictício
2024-10-18,126.50,Pagamento Fictício
2024-10-21,289.75,Pagamento Fictício
2024-10-22,129.00,Pagamento Fictício
2024-10-23,131.00,Pagamento Fictício
2024-10-24,151.00,Pagamento Fictício
2024-10-25,222.25,Pagamento Fictício
2024-10-28,195.25,Pagamento Fictício
2024-10-29,212.50,Pagamento Fictício
2024-10-30,281.50,Pagamento Fictício
2024-10-31,286.25,Pagamento Fictício
2024-11-01,119.00,Pagamento Fictício
2024-11-04,287.75,Pagamento Fictício
2024-11-05,255.75,Pagamento Fictício
2024-11-06,119.00,Pagamento Fictício
2024-11-07,264.50,Pagamento Fictício
2024-11-08,194.50,Pagamento Fictício
2024-11-11,226.90,Pagamento Fictício
2024-11-12,298.50,Pagamento Fictício
2024-11-13,173.90,Pagamento Fictício
2024-11-14,218.50,Pagamento Fictício
2024-11-15,166.90,Pagamento Fictício
2024-11-18,145.75,Pagamento Fictício
2024-11-19,144.90,Pagamento Fictício
2024-11-20,179.25,Pagamento Fictício
2024-11-21,195.00,Pagamento Fictício
2024-11-22,172.75,Pagamento Fictício
2024-11-25,181.90,Pagamento Fictício
2024-11-26,201.75,Pagamento Fictício
2024-11-27,239.25,Pagamento Fictício
2024-11-28,286.25,Pagamento Fictício
2024-11-29,183.90,Pagamento Fictício
2024-12-02,294.90,Pagamento Fictício
2024-12-03,173.75,Pagamento Fictício
2024-12-04,128.90,Pagamento Fictício
2024-12-05,112.00,Pagamento Fictício
2024-12-06,174.25,Pagamento Fictício
2024-12-09,273.90,Pagamento Fictício
2024-12-10,257.00,Pagamento Fictício
2024-12-11,125.50,Pagamento Fictício
2024-12-12,185.75,Pagamento Fictício
2024-12-13,203.90,Pagamento Fictício
2024-12-16,119.75,Pagamento Fictício
2024-12-17,210.75,Pagamento Fictício
2024-12-18,268.50,Pagamento Fictício
2024-12-19,283.00,Pagamento Fictício
2024-12-20,130.00,Pagamento Fictício
2024-12-23,170.25,Pagamento Fictício
2024-12-24,153.00,Pagamento Fictício
2024-12-25,160.50,Pagamento Fictício
2024-12-26,144.25,Pagamento Fictício
2024-12-27,230.50,Pagamento Fictício
2024-12-30,219.90,Pagamento Fictício
2024-12-31,291.75,Pagamento Fictício
2025-01-01,228.50,Pagamento Fictício
2025-01-02,249.50,Pagamento Fictício
2025-01-03,225.25,Pagamento Fictício
2025-01-06,145.00,Pagamento Fictício
2025-01-07,245.50,Pagamento Fictício
2025-01-08,196.00,Pagamento Fictício
2025-01-09,241.50,Pagamento Fictício
2025-01-10,127.90,Pagamento Fictício
2025-01-13,152.25,Pagamento Fictício
2025-01-14,258.00,Pagamento Fictício
2025-01-15,298.90,Pagamento Fictício
2025-01-16,257.00,Pagamento Fictício
2025-01-17,184.75,Pagamento Fictício
2025-01-20,275.00,Pagamento Fictício
2025-01-21,115.25,Pagamento Fictício
2025-01-22,279.50,Pagamento Fictício
2025-01-23,197.25,Pagamento Fictício
2025-01-24,252.75,Pagamento Fictício
2025-01-27,233.90,Pagamento Fictício
2025-01-28,107.75,Pagamento Fictício
2025-01-29,188.00,Pagamento Fictício
2025-01-30,273.00,Pagamento Fictício
2025-01-31,195.90,Pagamento Fictício
2025-02-03,213.75,Pagamento Fictício
2025-02-04,295.90,Pagamento Fictício
2025-02-05,120.75,Pagamento Fictício
2025-02-06,148.90,Pagamento Fictício
2025-02-07,187.90,Pagamento Fictício
2025-02-10,231.75,Pagamento Fictício
2025-02-11,266.25,Pagamento Fictício
2025-02-12,249.75,Pagamento Fictício
2025-02-13,259.90,Pagamento Fictício
2025-02-14,107.75,Pagamento Fictício
2025-02-17,296.50,Pagamento Fictício
2025-02-18,271.25,Pagamento Fictício
2025-02-19,258.75,Pagamento Fictício
2025-02-20,117.75,Pagamento Fictício
2025-02-21,167.75,Pagamento Fictício
2025-02-24,220.75,Pagamento Fictício
2025-02-25,227.90,Pagamento Fictício
2025-02-26,208.75,Pagamento Fictício
2025-02-27,224.90,Pagamento Fictício
2025-02-28,222.00,Pagamento Fictício
2025-03-03,276.00,Pagamento Fictício
2025-03-04,100.50,Pagamento Fictício
2025-03-05,260.50,Pagamento Fictício
2025-03-06,223.75,Pagamento Fictício
2025-03-07,150.00,Pagamento Fictício
2025-03-10,183.25,Pagamento Fictício
2025-03-11,227.75,Pagamento Fictício
2025-03-12,232.90,Pagamento Fictício
2025-03-13,294.00,Pagamento Fictício
2025-03-14,149.00,Pagamento Fictício
2025-03-17,109.00,Pagamento Fictício
2025-03-18,290.25,Pagamento Fictício
2025-03-19,150.90,Pagamento Fictício
2025-03-20,188.00,Pagamento Fictício
2025-03-21,112.90,Pagamento Fictício
2025-03-24,159.25,Pagamento Fictício
2025-03-25,186.50,Pagamento Fictício
2025-03-26,144.00,Pagamento Fictício
2025-03-27,298.50,Pagamento Fictício
2025-03-28,271.50,Pagamento Fictício
2025-03-31,123.00,Pagamento Fictício
2025-04-01,194.25,Pagamento Fictício
2025-04-02,168.90,Pagamento Fictício
2025-04-03,229.50,Pagamento Fictício
2025-04-04,239.90,Pagamento Fictício
2025-04-07,158.75,Pagamento Fictício
2025-04-08,276.50,Pagamento Fictício
2025-04-09,180.25,Pagamento Fictício
2025-04-10,102.00,Pagamento Fictício
2025-04-11,240.00,Pagamento Fictício
2025-04-14,289.00,Pagamento Fictício
2025-04-15,243.90,Pagamento Fictício
2025-04-16,190.25,Pagamento Fictício
2025-04-17,127.75,Pagamento Fictício
2025-04-18,225.25,Pagamento Fictício
2025-04-21,165.75,Pagamento Fictício
2025-04-22,283.00,Pagamento Fictício
2025-04-23,195.50,Pagamento Fictício
2025-04-24,186.75,Pagamento Fictício
2025-04-25,224.50,Pagamento Fictício
2025-04-28,253.50,Pagamento Fictício
2025-04-29,295.90,Pagamento Fictício
2025-04-30,135.00,Pagamento Fictício
2025-05-01,104.25,Pagamento Fictício
2025-05-02,204.25,Pagamento Fictício
2025-05-05,247.00,Pagamento Fictício
2025-05-06,297.75,Pagamento Fictício
2025-05-07,146.00,Pagamento Fictício
2025-05-08,279.00,Pagamento Fictício
2025-05-09,269.75,Pagamento Fictício
2025-05-12,218.75,Pagamento Fictício
2025-05-13,166.90,Pagamento Fictício
2025-05-14,268.50,Pagamento Fictício
2025-05-15,154.50,Pagamento Fictício
2025-05-16,285.25,Pagamento Fictício
2025-05-19,269.00,Pagamento Fictício
2025-05-20,240.25,Pagamento Fictício
2025-05-21,150.00,Pagamento Fictício
2025-05-22,156.90,Pagamento Fictício
2025-05-23,288.50,Pagamento Fictício
2025-05-26,120.00,Pagamento Fictício
2025-05-27,277.75,Pagamento Fictício
2025-05-28,106.00,Pagamento Fictício
2025-05-29,277.00,Pagamento Fictício
2025-05-30,274.50,Pagamento Fictício
2025-06-02,180.00,Pagamento Fictício
2025-06-03,249.25,Pagamento Fictício
2025-06-04,289.75,Pagamento Fictício
2025-06-05,160.25,Pagamento Fictício
2025-06-06,210.75,Pagamento Fictício
2025-06-09,124.25,Pagamento Fictício
2025-06-10,219.75,Pagamento Fictício
2025-06-11,116.50,Pagamento Fictício
2025-06-12,246.75,Pagamento Fictício
2025-06-13,263.00,Pagamento Fictício
2025-06-16,114.25,Pagamento Fictício
2025-06-17,131.25,Pagamento Fictício
2025-06-18,224.90,Pagamento Fictício
2025-06-19,297.75,Pagamento Fictício
2025-06-20,203.75,Pagamento Fictício
2025-06-23,205.00,Pagamento Fictício
2025-06-24,119.25,Pagamento Fictício
2025-06-25,186.00,Pagamento Fictício
2025-06-26,235.50,Pagamento Fictício
2025-06-27,162.75,Pagamento Fictício
2025-06-30,217.90,Pagamento Fictício
2025-07-01,274.75,Pagamento Fictício
2025-07-02,164.90,Pagamento Fictício
2025-07-03,286.25,Pagamento Fictício
2025-07-04,286.50,Pagamento Fictício
2025-07-07,122.25,Pagamento Fictício
2025-07-08,105.00,Pagamento Fictício
2025-07-09,125.00,Pagamento Fictício
2025-07-10,196.75,Pagamento Fictício
2025-07-11,167.00,Pagamento Fictício
2025-07-14,299.25,Pagamento Fictício
2025-07-15,122.75,Pagamento Fictício
2025-07-16,100.90,Pagamento Fictício
2025-07-17,292.90,Pagamento Fictício
2025-07-18,187.90,Pagamento Fictício
2025-07-21,268.75,Pagamento Fictício
2025-07-22,223.50,Pagamento Fictício
2025-07-23,234.00,Pagamento Fictício
2025-07-24,183.75,Pagamento Fictício
2025-07-25,165.50,Pagamento Fictício
2025-07-28,101.25,Pagamento Fictício
2025-07-29,152.25,Pagamento Fictício
2025-07-30,156.25,Pagamento Fictício
2025-07-31,270.50,Pagamento Fictício
2025-08-01,166.50,Pagamento Fictício
2025-08-04,119.25,Pagamento Fictício
2025-08-05,231.75,Pagamento Fictício
2025-08-06,154.90,Pagamento Fictício
2025-08-07,181.00,Pagamento Fictício
2025-08-08,246.25,Pagamento Fictício
2025-08-11,212.25,Pagamento Fictício
2025-08-12,235.25,Pagamento Fictício
2025-08-13,121.90,Pagamento Fictício
2025-08-14,153.50,Pagamento Fictício
2025-08-15,143.50,Pagamento Fictício
2025-08-18,184.90,Pagamento Fictício
2025-08-19,162.25,Pagamento Fictício
2025-08-20,185.90,Pagamento Fictício
2025-08-21,268.90,Pagamento Fictício
2025-08-22,185.75,Pagamento Fictício
2025-08-25,102.25,Pagamento Fictício
2025-08-26,263.25,Pagamento Fictício
2025-08-27,121.75,Pagamento Fictício
2025-08-28,243.25,Pagamento Fictício
2025-08-29,120.90,Pagamento Fictício
2025-09-01,199.00,Pagamento Fictício
2025-09-02,108.25,Pagamento Fictício
2025-09-03,260.75,Pagamento Fictício
2025-09-04,186.25,Pagamento Fictício
2025-09-05,257.50,Pagamento Fictício
2025-09-08,265.50,Pagamento Fictício
2025-09-09,114.25,Pagamento Fictício
2025-09-10,252.90,Pagamento Fictício
2025-09-11,136.00,Pagamento Fictício
2025-09-12,290.50,Pagamento Fictício
2025-09-15,258.75,Pagamento Fictício
2025-09-16,281.50,Pagamento Fictício
2025-09-17,288.90,Pagamento Fictício
2025-09-18,293.00,Pagamento Fictício
2025-09-19,122.50,Pagamento Fictício
2025-09-22,285.90,Pagamento Fictício
2025-09-23,180.90,Pagamento Fictício
2025-09-24,229.75,Pagamento Fictício
2025-09-25,179.00,Pagamento Fictício
2025-09-26,231.90,Pagamento Fictício
2025-09-29,150.75,Pagamento Fictício
2025-09-30,283.25,Pagamento Fictício
2025-10-01,156.00,Pagamento Fictício
2025-10-02,151.90,Pagamento Fictício
2025-10-03,193.75,Pagamento Fictício
2025-10-06,199.00,Pagamento Fictício
2025-10-07,263.75,Pagamento Fictício
2025-10-08,165.75,Pagamento Fictício
2025-10-09,268.50,Pagamento Fictício
2025-10-10,241.00,Pagamento Fictício
2025-10-13,251.00,Pagamento Fictício
2025-10-14,285.90,Pagamento Fictício
2025-10-15,293.50,Pagamento Fictício
2025-10-16,277.50,Pagamento Fictício
2025-10-17,159.50,Pagamento Fictício
2025-10-20,172.75,Pagamento Fictício
2025-10-21,202.25,Pagamento Fictício
2025-10-22,197.00,Pagamento Fictício
2025-10-23,145.50,Pagamento Fictício
2025-10-24,147.00,Pagamento Fictício
2025-10-27,248.25,Pagamento Fictício
2025-10-28,219.25,Pagamento Fictício
2025-10-29,138.50,Pagamento Fictício
2025-10-30,234.90,Pagamento Fictício
2025-10-31,205.90,Pagamento Fictício
2025-11-03,265.25,Pagamento Fictício
2025-11-04,236.90,Pagamento Fictício
2025-11-05,188.25,Pagamento Fictício
2025-11-06,174.25,Pagamento Fictício
2025-11-07,207.50,Pagamento Fictício
2025-11-10,128.50,Pagamento Fictício
2025-11-11,273.00,Pagamento Fictício
2025-11-12,202.50,Pagamento Fictício
2025-11-13,110.75,Pagamento Fictício
2025-11-14,100.25,Pagamento Fictício
2025-11-17,203.50,Pagamento Fictício
2025-11-18,252.25,Pagamento Fictício
2025-11-19,284.25,Pagamento Fictício
2025-11-20,171.50,Pagamento Fictício
2025-11-21,252.50,Pagamento Fictício
2025-11-24,231.00,Pagamento Fictício
2025-11-25,278.00,Pagamento Fictício
2025-11-26,298.75,Pagamento Fictício
2025-11-27,261.25,Pagamento Fictício
2025-11-28,269.50,Pagamento Fictício
2025-12-01,239.00,Pagamento Fictício
2025-12-02,298.50,Pagamento Fictício
2025-12-03,172.25,Pagamento Fictício
2025-12-04,164.90,Pagamento Fictício
2025-12-05,193.90,Pagamento Fictício
2025-12-08,289.50,Pagamento Fictício
2025-12-09,127.25,Pagamento Fictício
2025-12-10,137.75,Pagamento Fictício
2025-12-11,262.90,Pagamento Fictício
2025-12-12,133.00,Pagamento Fictício
2025-12-15,161.90,Pagamento Fictício
2025-12-16,222.90,Pagamento Fictício
2025-12-17,164.00,Pagamento Fictício
2025-12-18,261.75,Pagamento Fictício
2025-12-19,161.75,Pagamento Fictício
2025-12-22,164.00,Pagamento Fictício
2025-12-23,196.90,Pagamento Fictício
2025-12-24,207.90,Pagamento Fictício
2025-12-25,144.00,Pagamento Fictício
2025-12-26,145.00,Pagamento Fictício
2025-12-29,135.25,Pagamento Fictício
2025-12-30,229.00,Pagamento Fictício
2025-12-31,234.75,Pagamento Fictício
2026-01-01,151.50,Pagamento Fictício
2026-01-02,103.75,Pagamento Fictício
2026-01-05,167.25,Pagamento Fictício
2026-01-06,195.90,Pagamento Fictício
2026-01-07,199.90,Pagamento Fictício
2026-01-08,246.00,Pagamento Fictício
2026-01-09,227.75,Pagamento Fictício
2026-01-12,245.50,Pagamento Fictício
2026-01-13,281.00,Pagamento Fictício
2026-01-14,113.75,Pagamento Fictício
2026-01-15,287.25,Pagamento Fictício
2026-01-16,250.75,Pagamento Fictício
2026-01-19,212.25,Pagamento Fictício
2026-01-20,205.90,Pagamento Fictício
2026-01-21,207.00,Pagamento Fictício
2026-01-22,100.25,Pagamento Fictício
2026-01-23,255.90,Pagamento Fictício
2026-01-26,162.50,Pagamento Fictício
2026-01-27,106.25,Pagamento Fictício
2026-01-28,149.25,Pagamento Fictício
2026-01-29,186.00,Pagamento Fictício
2026-01-30,254.75,Pagamento Fictício
2026-02-02,255.25,Pagamento Fictício
2026-02-03,165.90,Pagamento Fictício
2026-02-04,104.75,Pagamento Fictício
2026-02-05,215.90,Pagamento Fictício
2026-02-06,139.50,Pagamento Fictício
2026-02-09,152.25,Pagamento Fictício
2026-02-10,106.00,Pagamento Fictício
2026-02-11,240.90,Pagamento Fictício
2026-02-12,271.90,Pagamento Fictício
2026-02-13,152.50,Pagamento Fictício
2026-02-16,252.90,Pagamento Fictício
2026-02-17,239.50,Pagamento Fictício
2026-02-18,209.75,Pagamento Fictício
2026-02-19,256.50,Pagamento Fictício
2026-02-20,184.50,Pagamento Fictício
2026-02-23,104.90,Pagamento Fictício
2026-02-24,219.25,Pagamento Fictício
2026-02-25,217.25,Pagamento Fictício
2026-02-26,134.75,Pagamento Fictício
2026-02-27,295.25,Pagamento Fictício
2026-03-02,233.75,Pagamento Fictício
2026-03-03,286.25,Pagamento Fictício
2026-03-04,153.00,Pagamento Fictício
2026-03-05,124.90,Pagamento Fictício
2026-03-06,120.90,Pagamento Fictício
2026-03-09,290.00,Pagamento Fictício
2026-03-10,137.25,Pagamento Fictício
2026-03-11,162.50,Pagamento Fictício
2026-03-12,151.75,Pagamento Fictício
2026-03-13,114.75,Pagamento Fictício
2026-03-16,235.00,Pagamento Fictício
2026-03-17,106.25,Pagamento Fictício
2026-03-18,262.90,Pagamento Fictício
2026-03-19,132.25,Pagamento Fictício
2026-03-20,133.75,Pagamento Fictício
2026-03-23,149.90,Pagamento Fictício
2026-03-24,210.90,Pagamento Fictício
2026-03-25,104.90,Pagamento Fictício
2026-03-26,190.00,Pagamento Fictício
2026-03-27,238.00,Pagamento Fictício
2026-03-30,155.00,Pagamento Fictício
2026-03-31,292.50,Pagamento Fictício
2026-04-01,242.75,Pagamento Fictício
2026-04-02,172.00,Pagamento Fictício
2026-04-03,220.75,Pagamento Fictício
2026-04-06,166.90,Pagamento Fictício
2026-04-07,267.00,Pagamento Fictício
2026-04-08,262.90,Pagamento Fictício
2026-04-09,278.90,Pagamento Fictício
2026-04-10,160.90,Pagamento Fictício
2026-04-13,272.50,Pagamento Fictício
2026-04-14,299.25,Pagamento Fictício
2026-04-15,180.50,Pagamento Fictício
2026-04-16,213.90,Pagamento Fictício
2026-04-17,169.25,Pagamento Fictício
2026-04-20,117.50,Pagamento Fictício
2026-04-21,130.00,Pagamento Fictício
2026-04-22,213.00,Pagamento Fictício
2026-04-23,200.00,Pagamento Fictício
2026-04-24,265.75,Pagamento Fictício
2026-04-27,237.25,Pagamento Fictício
2026-04-28,242.50,Pagamento Fictício
2026-04-29,199.25,Pagamento Fictício
2026-04-30,184.50,Pagamento Fictício
2026-05-01,124.25,Pagamento Fictício
2026-05-04,219.25,Pagamento Fictício
2026-05-05,272.25,Pagamento Fictício
2026-05-06,155.00,Pagamento Fictício
2026-05-07,114.00,Pagamento Fictício
2026-05-08,111.25,Pagamento Fictício
2026-05-11,136.50,Pagamento Fictício
2026-05-12,181.50,Pagamento Fictício
2026-05-13,145.00,Pagamento Fictício
2026-05-14,284.00,Pagamento Fictício
2026-05-15,288.25,Pagamento Fictício
2026-05-18,240.00,Pagamento Fictício
2026-05-19,161.75,Pagamento Fictício
2026-05-20,288.25,Pagamento Fictício
2026-05-21,170.90,Pagamento Fictício
2026-05-22,181.90,Pagamento Fictício
2026-05-25,118.25,Pagamento Fictício
2026-05-26,110.00,Pagamento Fictício
2026-05-27,106.25,Pagamento Fictício
2026-05-28,295.50,Pagamento Fictício
2026-05-29,169.00,Pagamento Fictício
2026-06-01,110.00,Pagamento Fictício
2026-06-02,118.75,Pagamento Fictício
2026-06-03,273.50,Pagamento Fictício
2026-06-04,253.25,Pagamento Fictício
2026-06-05,181.00,Pagamento Fictício
2026-06-08,162.90,Pagamento Fictício
2026-06-09,220.90,Pagamento Fictício
2026-06-10,203.90,Pagamento Fictício
2026-06-11,271.75,Pagamento Fictício
2026-06-12,157.90,Pagamento Fictício
2026-06-15,292.90,Pagamento Fictício
2026-06-16,247.00,Pagamento Fictício
2026-06-17,281.00,Pagamento Fictício
2026-06-18,142.90,Pagamento Fictício
2026-06-19,147.00,Pagamento Fictício
2026-06-22,146.00,Pagamento Fictício
2026-06-23,138.90,Pagamento Fictício
2026-06-24,130.25,Pagamento Fictício
2026-06-25,124.90,Pagamento Fictício
2026-06-26,177.50,Pagamento Fictício
2026-06-29,283.75,Pagamento Fictício
2026-06-30,226.50,Pagamento Fictício
2026-07-01,242.90,Pagamento Fictício
2026-07-02,296.00,Pagamento Fictício
2026-07-03,283.75,Pagamento Fictício
2026-07-06,111.90,Pagamento Fictício
2026-07-07,231.25,Pagamento Fictício
2026-07-08,141.75,Pagamento Fictício
2026-07-09,235.00,Pagamento Fictício
2026-07-10,259.90,Pagamento Fictício
2026-07-13,242.50,Pagamento Fictício
2026-07-14,146.90,Pagamento Fictício
2026-07-15,195.90,Pagamento Fictício
2026-07-16,139.25,Pagamento Fictício
2026-07-17,281.50,Pagamento Fictício
2026-07-20,204.50,Pagamento Fictício
2026-07-21,146.75,Pagamento Fictício
2026-07-22,120.00,Pagamento Fictício
2026-07-23,200.25,Pagamento Fictício
2026-07-24,107.00,Pagamento Fictício
2026-07-27,162.75,Pagamento Fictício
2026-07-28,197.75,Pagamento Fictício
2026-07-29,267.90,Pagamento Fictício
2026-07-30,146.75,Pagamento Fictício
2026-07-31,268.00,Pagamento Fictício
2026-08-03,183.75,Pagamento Fictício
2026-08-04,210.00,Pagamento Fictício
2026-08-05,287.25,Pagamento Fictício
2026-08-06,133.75,Pagamento Fictício
2026-08-07,286.90,Pagamento Fictício
2026-08-10,255.00,Pagamento Fictício
2026-08-11,216.25,Pagamento Fictício
2026-08-12,206.00,Pagamento Fictício
2026-08-13,260.50,Pagamento Fictício
2026-08-14,110.25,Pagamento Fictício
2026-08-17,253.25,Pagamento Fictício
2026-08-18,218.75,Pagamento Fictício
2026-08-19,176.25,Pagamento Fictício
2026-08-20,242.00,Pagamento Fictício
2026-08-21,210.00,Pagamento Fictício
2026-08-24,184.00,Pagamento Fictício
2026-08-25,239.50,Pagamento Fictício
2026-08-26,293.00,Pagamento Fictício
2026-08-27,120.25,Pagamento Fictício
2026-08-28,225.90,Pagamento Fictício
2026-08-31,171.00,Pagamento Fictício
2026-09-01,209.25,Pagamento Fictício
2026-09-02,111.90,Pagamento Fictício
2026-09-03,251.90,Pagamento Fictício
2026-09-04,108.50,Pagamento Fictício
2026-09-07,247.25,Pagamento Fictício
2026-09-08,177.00,Pagamento Fictício
2026-09-09,118.50,Pagamento Fictício
2026-09-10,138.75,Pagamento Fictício
2026-09-11,250.75,Pagamento Fictício
2026-09-14,161.25,Pagamento Fictício
2026-09-15,119.90,Pagamento Fictício
2026-09-16,164.90,Pagamento Fictício
2026-09-17,157.25,Pagamento Fictício
2026-09-18,186.75,Pagamento Fictício
2026-09-21,200.50,Pagamento Fictício
2026-09-22,247.25,Pagamento Fictício
2026-09-23,283.25,Pagamento Fictício
2026-09-24,253.90,Pagamento Fictício
2026-09-25,220.50,Pagamento Fictício
2026-09-28,189.90,Pagamento Fictício
2026-09-29,180.75,Pagamento Fictício
2026-09-30,275.75,Pagamento Fictício
2026-10-01,254.90,Pagamento Fictício
2026-10-02,220.25,Pagamento Fictício
2026-10-05,102.25,Pagamento Fictício
2026-10-06,185.00,Pagamento Fictício
2026-10-07,116.25,Pagamento Fictício
2026-10-08,206.75,Pagamento Fictício
2026-10-09,277.25,Pagamento Fictício
2026-10-12,246.75,Pagamento Fictício
2026-10-13,186.25,Pagamento Fictício
2026-10-14,183.00,Pagamento Fictício
2026-10-15,263.50,Pagamento Fictício
2026-10-16,146.90,Pagamento Fictício
2026-10-19,222.90,Pagamento Fictício
2026-10-20,267.00,Pagamento Fictício
2026-10-21,125.00,Pagamento Fictício
2026-10-22,241.90,Pagamento Fictício
2026-10-23,137.90,Pagamento Fictício
2026-10-26,135.75,Pagamento Fictício
2026-10-27,233.00,Pagamento Fictício
2026-10-28,287.50,Pagamento Fictício
2026-10-29,182.25,Pagamento Fictício
2026-10-30,171.00,Pagamento Fictício
2026-11-02,173.25,Pagamento Fictício
2026-11-03,255.50,Pagamento Fictício
2026-11-04,134.25,Pagamento Fictício
2026-11-05,297.90,Pagamento Fictício
2026-11-06,265.25,Pagamento Fictício
2026-11-09,228.50,Pagamento Fictício
2026-11-10,180.90,Pagamento Fictício
2026-11-11,136.75,Pagamento Fictício
2026-11-12,285.00,Pagamento Fictício
2026-11-13,183.75,Pagamento Fictício
2026-11-16,124.75,Pagamento Fictício
2026-11-17,147.75,Pagamento Fictício
2026-11-18,284.00,Pagamento Fictício
2026-11-19,290.50,Pagamento Fictício
2026-11-20,292.75,Pagamento Fictício
2026-11-23,222.90,Pagamento Fictício
2026-11-24,147.50,Pagamento Fictício
2026-11-25,274.25,Pagamento Fictício
2026-11-26,291.25,Pagamento Fictício
2026-11-27,155.50,Pagamento Fictício
2026-11-30,191.90,Pagamento Fictício
2026-12-01,185.75,Pagamento Fictício
2026-12-02,287.75,Pagamento Fictício
2026-12-03,222.50,Pagamento Fictício
2026-12-04,276.75,Pagamento Fictício
2026-12-07,290.25,Pagamento Fictício
2026-12-08,130.25,Pagamento Fictício
2026-12-09,203.90,Pagamento Fictício
2026-12-10,282.50,Pagamento Fictício
2026-12-11,258.90,Pagamento Fictício
2026-12-14,276.50,Pagamento Fictício
2026-12-15,171.75,Pagamento Fictício
2026-12-16,252.90,Pagamento Fictício
2026-12-17,158.25,Pagamento Fictício
2026-12-18,273.90,Pagamento Fictício
2026-12-21,167.90,Pagamento Fictício
2026-12-22,102.75,Pagamento Fictício
2026-12-23,174.90,Pagamento Fictício
2026-12-24,122.50,Pagamento Fictício
2026-12-25,175.90,Pagamento Fictício
2026-12-28,265.50,Pagamento Fictício
2026-12-29,195.25,Pagamento Fictício
2026-12-30,288.75,Pagamento Fictício
2026-12-31,157.00,Pagamento Fictício
2027-01-01,128.00,Pagamento Fictício
2027-01-04,279.50,Pagamento Fictício
2027-01-05,184.00,Pagamento Fictício
2027-01-06,268.50,Pagamento Fictício
2027-01-07,222.75,Pagamento Fictício
2027-01-08,278.90,Pagamento Fictício
2027-01-11,214.00,Pagamento Fictício
2027-01-12,246.25,Pagamento Fictício
2027-01-13,106.00,Pagamento Fictício
2027-01-14,177.25,Pagamento Fictício
2027-01-15,101.75,Pagamento Fictício
2027-01-18,114.50,Pagamento Fictício
2027-01-19,259.00,Pagamento Fictício
2027-01-20,122.00,Pagamento Fictício
2027-01-21,268.00,Pagamento Fictício
2027-01-22,160.25,Pagamento Fictício
2027-01-25,108.90,Pagamento Fictício
2027-01-26,166.25,Pagamento Fictício
2027-01-27,234.25,Pagamento Fictício
2027-01-28,202.90,Pagamento Fictício
2027-01-29,231.75,Pagamento Fictício
2027-02-01,186.75,Pagamento Fictício
2027-02-02,272.25,Pagamento Fictício
2027-02-03,181.25,Pagamento Fictício
2027-02-04,277.50,Pagamento Fictício
2027-02-05,233.50,Pagamento Fictício
2027-02-08,153.50,Pagamento Fictício
2027-02-09,133.75,Pagamento Fictício
2027-02-10,122.00,Pagamento Fictício
2027-02-11,167.00,Pagamento Fictício
2027-02-12,294.25,Pagamento Fictício
2027-02-15,260.50,Pagamento Fictício
2027-02-16,121.90,Pagamento Fictício
2027-02-17,182.90,Pagamento Fictício
2027-02-18,214.75,Pagamento Fictício
2027-02-19,106.50,Pagamento Fictício
2027-02-22,286.75,Pagamento Fictício
2027-02-23,232.25,Pagamento Fictício
2027-02-24,199.00,Pagamento Fictício
2027-02-25,283.50,Pagamento Fictício
2027-02-26,150.00,Pagamento Fictício
2027-03-01,211.25,Pagamento Fictício
2027-03-02,269.75,Pagamento Fictício
2027-03-03,296.00,Pagamento Fictício
2027-03-04,264.90,Pagamento Fictício
2027-03-05,196.90,Pagamento Fictício
2027-03-08,119.75,Pagamento Fictício
2027-03-09,171.50,Pagamento Fictício
2027-03-10,137.00,Pagamento Fictício
2027-03-11,117.25,Pagamento Fictício
2027-03-12,207.90,Pagamento Fictício
2027-03-15,282.50,Pagamento Fictício
2027-03-16,108.90,Pagamento Fictício
2027-03-17,277.25,Pagamento Fictício
2027-03-18,114.50,Pagamento Fictício
2027-03-19,239.50,Pagamento Fictício
2027-03-22,138.50,Pagamento Fictício
2027-03-23,194.90,Pagamento Fictício
2027-03-24,133.75,Pagamento Fictício
2027-03-25,138.50,Pagamento Fictício
2027-03-26,149.75,Pagamento Fictício
2027-03-29,168.25,Pagamento Fictício
2027-03-30,271.75,Pagamento Fictício
2027-03-31,101.90,Pagamento Fictício
2027-04-01,224.75,Pagamento Fictício
2027-04-02,154.75,Pagamento Fictício
2027-04-05,162.00,Pagamento Fictício
2027-04-06,116.75,Pagamento Fictício
2027-04-07,183.75,Pagamento Fictício
2027-04-08,144.50,Pagamento Fictício
2027-04-09,252.75,Pagamento Fictício
2027-04-12,238.00,Pagamento Fictício
2027-04-13,174.00,Pagamento Fictício
2027-04-14,106.50,Pagamento Fictício
2027-04-15,163.75,Pagamento Fictício
2027-04-16,109.00,Pagamento Fictício
2027-04-19,126.75,Pagamento Fictício
2027-04-20,246.25,Pagamento Fictício
2027-04-21,258.50,Pagamento Fictício
2027-04-22,265.50,Pagamento Fictício
2027-04-23,287.00,Pagamento Fictício
2027-04-26,249.00,Pagamento Fictício
2027-04-27,217.00,Pagamento Fictício
2027-04-28,121.25,Pagamento Fictício
2027-04-29,136.75,Pagamento Fictício
2027-04-30,296.90,Pagamento Fictício
2027-05-03,100.50,Pagamento Fictício
2027-05-04,244.50,Pagamento Fictício
2027-05-05,229.25,Pagamento Fictício
2027-05-06,144.25,Pagamento Fictício
2027-05-07,121.00,Pagamento Fictício
2027-05-10,188.50,Pagamento Fictício
2027-05-11,112.90,Pagamento Fictício
2027-05-12,120.75,Pagamento Fictício
2027-05-13,281.00,Pagamento Fictício
2027-05-14,227.25,Pagamento Fictício
2027-05-17,264.00,Pagamento Fictício
2027-05-18,219.25,Pagamento Fictício
2027-05-19,200.00,Pagamento Fictício
2027-05-20,112.50,Pagamento Fictício
2027-05-21,147.75,Pagamento Fictício
2027-05-24,255.90,Pagamento Fictício
2027-05-25,213.50,Pagamento Fictício
2027-05-26,253.50,Pagamento Fictício
2027-05-27,117.90,Pagamento Fictício
2027-05-28,215.00,Pagamento Fictício
2027-05-31,235.00,Pagamento Fictício
2027-06-01,127.50,Pagamento Fictício
2027-06-02,242.00,Pagamento Fictício
2027-06-03,249.75,Pagamento Fictício
2027-06-04,231.50,Pagamento Fictício
2027-06-07,142.50,Pagamento Fictício
2027-06-08,198.90,Pagamento Fictício
2027-06-09,133.90,Pagamento Fictício
2027-06-10,188.50,Pagamento Fictício
2027-06-11,220.50,Pagamento Fictício
2027-06-14,221.25,Pagamento Fictício
2027-06-15,192.75,Pagamento Fictício
2027-06-16,278.50,Pagamento Fictício
2027-06-17,212.00,Pagamento Fictício
2027-06-18,154.90,Pagamento Fictício
2027-06-21,289.50,Pagamento Fictício
2027-06-22,189.00,Pagamento Fictício
2027-06-23,111.75,Pagamento Fictício
2027-06-24,177.90,Pagamento Fictício
2027-06-25,288.50,Pagamento Fictício
2027-06-28,299.25,Pagamento Fictício
2027-06-29,267.90,Pagamento Fictício
2027-06-30,177.90,Pagamento Fictício
2027-07-01,120.00,Pagamento Fictício
2027-07-02,164.50,Pagamento Fictício
2027-07-05,200.90,Pagamento Fictício
2027-07-06,124.75,Pagamento Fictício
2027-07-07,271.75,Pagamento Fictício
2027-07-08,171.50,Pagamento Fictício
2027-07-09,132.90,Pagamento Fictício
2027-07-12,131.50,Pagamento Fictício
2027-07-13,157.75,Pagamento Fictício
2027-07-14,248.75,Pagamento Fictício
2027-07-15,155.90,Pagamento Fictício
2027-07-16,227.90,Pagamento Fictício
2027-07-19,106.50,Pagamento Fictício
2027-07-20,262.50,Pagamento Fictício
2027-07-21,215.00,Pagamento Fictício
2027-07-22,241.25,Pagamento Fictício
2027-07-23,123.50,Pagamento Fictício
2027-07-26,197.00,Pagamento Fictício
2027-07-27,205.25,Pagamento Fictício
2027-07-28,209.50,Pagamento Fictício
2027-07-29,293.50,Pagamento Fictício
2027-07-30,224.75,Pagamento Fictício
2027-08-02,176.50,Pagamento Fictício
2027-08-03,290.50,Pagamento Fictício
2027-08-04,298.50,Pagamento Fictício
2027-08-05,103.25,Pagamento Fictício
2027-08-06,218.75,Pagamento Fictício
2027-08-09,251.90,Pagamento Fictício
2027-08-10,293.25,Pagamento Fictício
2027-08-11,195.50,Pagamento Fictício
2027-08-12,198.00,Pagamento Fictício
2027-08-13,201.00,Pagamento Fictício
2027-08-16,263.25,Pagamento Fictício
2027-08-17,174.00,Pagamento Fictício
2027-08-18,175.25,Pagamento Fictício
2027-08-19,133.00,Pagamento Fictício
2027-08-20,189.00,Pagamento Fictício
2027-08-23,245.25,Pagamento Fictício
2027-08-24,226.90,Pagamento Fictício
2027-08-25,215.75,Pagamento Fictício
2027-08-26,119.90,Pagamento Fictício
2027-08-27,238.75,Pagamento Fictício
2027-08-30,232.75,Pagamento Fictício
2027-08-31,261.25,Pagamento Fictício
2027-09-01,283.90,Pagamento Fictício
2027-09-02,295.00,Pagamento Fictício
2027-09-03,227.00,Pagamento Fictício
2027-09-06,171.75,Pagamento Fictício
2027-09-07,282.50,Pagamento Fictício
2027-09-08,146.75,Pagamento Fictício
2027-09-09,290.90,Pagamento Fictício
2027-09-10,228.00,Pagamento Fictício
2027-09-13,132.50,Pagamento Fictício
2027-09-14,213.75,Pagamento Fictício
2027-09-15,162.25,Pagamento Fictício
2027-09-16,295.25,Pagamento Fictício
2027-09-17,136.25,Pagamento Fictício
2027-09-20,193.50,Pagamento Fictício
2027-09-21,222.90,Pagamento Fictício
2027-09-22,162.00,Pagamento Fictício
2027-09-23,231.00,Pagamento Fictício
2027-09-24,182.00,Pagamento Fictício
2027-09-27,172.75,Pagamento Fictício
2027-09-28,158.50,Pagamento Fictício
2027-09-29,168.00,Pagamento Fictício
2027-09-30,202.50,Pagamento Fictício
2027-10-01,246.90,Pagamento Fictício
2027-10-04,151.00,Pagamento Fictício
2027-10-05,235.75,Pagamento Fictício
2027-10-06,255.50,Pagamento Fictício
2027-10-07,117.50,Pagamento Fictício
2027-10-08,104.50,Pagamento Fictício
2027-10-11,142.50,Pagamento Fictício
2027-10-12,280.25,Pagamento Fictício
2027-10-13,147.25,Pagamento Fictício
2027-10-14,293.75,Pagamento Fictício
2027-10-15,147.25,Pagamento Fictício
2027-10-18,137.25,Pagamento Fictício
2027-10-19,282.75,Pagamento Fictício
2027-10-20,187.25,Pagamento Fictício
2027-10-21,296.90,Pagamento Fictício
2027-10-22,236.75,Pagamento Fictício
2027-10-25,180.00,Pagamento Fictício
2027-10-26,273.75,Pagamento Fictício
2027-10-27,177.90,Pagamento Fictício
2027-10-28,243.25,Pagamento Fictício
2027-10-29,137.90,Pagamento Fictício
2027-11-01,241.90,Pagamento Fictício
2027-11-02,267.90,Pagamento Fictício
2027-11-03,108.90,Pagamento Fictício
2027-11-04,294.50,Pagamento Fictício
2027-11-05,133.25,Pagamento Fictício
2027-11-08,110.00,Pagamento Fictício
2027-11-09,101.75,Pagamento Fictício
2027-11-10,277.25,Pagamento Fictício
2027-11-11,104.50,Pagamento Fictício
2027-11-12,283.75,Pagamento Fictício
2027-11-15,187.50,Pagamento Fictício
2027-11-16,123.25,Pagamento Fictício
2027-11-17,185.75,Pagamento Fictício
2027-11-18,171.75,Pagamento Fictício
2027-11-19,164.50,Pagamento Fictício
2027-11-22,149.00,Pagamento Fictício
2027-11-23,182.50,Pagamento Fictício
2027-11-24,200.50,Pagamento Fictício
2027-11-25,297.25,Pagamento Fictício
2027-11-26,252.00,Pagamento Fictício
2027-11-29,173.25,Pagamento Fictício
2027-11-30,257.50,Pagamento Fictício
2027-12-01,263.90,Pagamento Fictício
2027-12-02,225.75,Pagamento Fictício
2027-12-03,288.90,Pagamento Fictício
2027-12-06,142.75,Pagamento Fictício
2027-12-07,211.75,Pagamento Fictício
2027-12-08,191.00,Pagamento Fictício
2027-12-09,111.50,Pagamento Fictício
2027-12-10,180.90,Pagamento Fictício
2027-12-13,273.00,Pagamento Fictício
2027-12-14,183.25,Pagamento Fictício
2027-12-15,199.25,Pagamento Fictício
2027-12-16,142.75,Pagamento Fictício
2027-12-17,263.75,Pagamento Fictício
2027-12-20,172.25,Pagamento Fictício
2027-12-21,265.75,Pagamento Fictício
2027-12-22,279.75,Pagamento Fictício
2027-12-23,268.50,Pagamento Fictício
2027-12-24,164.50,Pagamento Fictício
2027-12-27,165.50,Pagamento Fictício
2027-12-28,247.50,Pagamento Fictício
2027-12-29,160.50,Pagamento Fictício
2027-12-30,234.50,Pagamento Fictício
2027-12-31,264.90,Pagamento Fictício
2028-01-03,130.75,Pagamento Fictício
2028-01-04,286.90,Pagamento Fictício
2028-01-05,155.25,Pagamento Fictício
2028-01-06,288.25,Pagamento Fictício
2028-01-07,247.90,Pagamento Fictício
2028-01-10,146.50,Pagamento Fictício
2028-01-11,244.90,Pagamento Fictício
2028-01-12,211.25,Pagamento Fictício
2028-01-13,256.90,Pagamento Fictício
2028-01-14,195.25,Pagamento Fictício
2028-01-17,184.00,Pagamento Fictício
2028-01-18,179.00,Pagamento Fictício
2028-01-19,281.25,Pagamento Fictício
2028-01-20,253.00,Pagamento Fictício
2028-01-21,297.90,Pagamento Fictício
2028-01-24,196.90,Pagamento Fictício
2028-01-25,154.90,Pagamento Fictício
2028-01-26,175.90,Pagamento Fictício
2028-01-27,151.75,Pagamento Fictício
2028-01-28,140.90,Pagamento Fictício
2028-01-31,176.25,Pagamento Fictício
2028-02-01,191.00,Pagamento Fictício
2028-02-02,137.00,Pagamento Fictício
2028-02-03,272.50,Pagamento Fictício
2028-02-04,232.25,Pagamento Fictício
2028-02-07,227.90,Pagamento Fictício
2028-02-08,132.75,Pagamento Fictício
2028-02-09,102.90,Pagamento Fictício
2028-02-10,131.75,Pagamento Fictício
2028-02-11,184.50,Pagamento Fictício
2028-02-14,296.90,Pagamento Fictício
2028-02-15,185.00,Pagamento Fictício
2028-02-16,139.00,Pagamento Fictício
2028-02-17,197.00,Pagamento Fictício
2028-02-18,103.75,Pagamento Fictício
2028-02-21,142.75,Pagamento Fictício
2028-02-22,259.75,Pagamento Fictício
2028-02-23,159.50,Pagamento Fictício
2028-02-24,223.00,Pagamento Fictício
2028-02-25,201.00,Pagamento Fictício
2028-02-28,251.90,Pagamento Fictício
2028-02-29,194.25,Pagamento Fictício
2028-03-01,184.00,Pagamento Fictício
2028-03-02,143.90,Pagamento Fictício
2028-03-03,297.00,Pagamento Fictício
2028-03-06,188.90,Pagamento Fictício
2028-03-07,203.90,Pagamento Fictício
2028-03-08,290.00,Pagamento Fictício
2028-03-09,103.90,Pagamento Fictício
2028-03-10,138.00,Pagamento Fictício
2028-03-13,241.50,Pagamento Fictício
2028-03-14,271.75,Pagamento Fictício
2028-03-15,153.00,Pagamento Fictício
2028-03-16,157.90,Pagamento Fictício
2028-03-17,188.25,Pagamento Fictício
2028-03-20,275.25,Pagamento Fictício
2028-03-21,289.75,Pagamento Fictício
2028-03-22,295.75,Pagamento Fictício
2028-03-23,214.90,Pagamento Fictício
2028-03-24,199.00,Pagamento Fictício
2028-03-27,146.25,Pagamento Fictício
2028-03-28,159.00,Pagamento Fictício
2028-03-29,125.75,Pagamento Fictício
2028-03-30,271.25,Pagamento Fictício
2028-03-31,186.50,Pagamento Fictício
2028-04-03,167.50,Pagamento Fictício
2028-04-04,204.50,Pagamento Fictício
2028-04-05,235.50,Pagamento Fictício
2028-04-06,283.25,Pagamento Fictício
2028-04-07,291.25,Pagamento Fictício
2028-04-10,153.75,Pagamento Fictício
2028-04-11,147.00,Pagamento Fictício
2028-04-12,225.25,Pagamento Fictício
2028-04-13,214.25,Pagamento Fictício
2028-04-14,284.25,Pagamento Fictício
2028-04-17,212.75,Pagamento Fictício
2028-04-18,189.50,Pagamento Fictício
2028-04-19,255.00,Pagamento Fictício
2028-04-20,129.90,Pagamento Fictício
2028-04-21,258.75,Pagamento Fictício
2028-04-24,183.00,Pagamento Fictício
2028-04-25,143.75,Pagamento Fictício
2028-04-26,209.25,Pagamento Fictício
2028-04-27,299.90,Pagamento Fictício
2028-04-28,212.50,Pagamento Fictício
2028-05-01,138.25,Pagamento Fictício
2028-05-02,125.90,Pagamento Fictício
2028-05-03,277.25,Pagamento Fictício
2028-05-04,209.25,Pagamento Fictício
2028-05-05,290.75,Pagamento Fictício
2028-05-08,149.50,Pagamento Fictício
2028-05-09,105.90,Pagamento Fictício
2028-05-10,177.00,Pagamento Fictício
2028-05-11,283.90,Pagamento Fictício
2028-05-12,166.00,Pagamento Fictício
2028-05-15,164.50,Pagamento Fictício
2028-05-16,284.25,Pagamento Fictício
2028-05-17,261.00,Pagamento Fictício
2028-05-18,122.00,Pagamento Fictício
2028-05-19,204.90,Pagamento Fictício
2028-05-22,252.90,Pagamento Fictício
2028-05-23,119.90,Pagamento Fictício
2028-05-24,150.00,Pagamento Fictício
2028-05-25,181.00,Pagamento Fictício
2028-05-26,129.75,Pagamento Fictício
2028-05-29,258.50,Pagamento Fictício
2028-05-30,167.75,Pagamento Fictício
2028-05-31,271.90,Pagamento Fictício
2028-06-01,297.25,Pagamento Fictício
2028-06-02,149.50,Pagamento Fictício
2028-06-05,211.00,Pagamento Fictício
2028-06-06,174.75,Pagamento Fictício
2028-06-07,208.25,Pagamento Fictício
2028-06-08,101.75,Pagamento Fictício
2028-06-09,116.00,Pagamento Fictício
2028-06-12,129.90,Pagamento Fictício
2028-06-13,265.75,Pagamento Fictício
2028-06-14,144.25,Pagamento Fictício
2028-06-15,258.75,Pagamento Fictício
2028-06-16,269.50,Pagamento Fictício
2028-06-19,222.00,Pagamento Fictício
2028-06-20,115.90,Pagamento Fictício
2028-06-21,283.00,Pagamento Fictício
2028-06-22,152.75,Pagamento Fictício
2028-06-23,148.50,Pagamento Fictício
2028-06-26,212.25,Pagamento Fictício
2028-06-27,227.75,Pagamento Fictício
2028-06-28,137.75,Pagamento Fictício
2028-06-29,133.50,Pagamento Fictício
2028-06-30,117.00,Pagamento Fictício
2028-07-03,297.90,Pagamento Fictício
2028-07-04,159.90,Pagamento Fictício
2028-07-05,211.50,Pagamento Fictício
2028-07-06,132.50,Pagamento Fictício
2028-07-07,278.90,Pagamento Fictício
2028-07-10,109.75,Pagamento Fictício
2028-07-11,202.90,Pagamento Fictício
2028-07-12,279.90,Pagamento Fictício
2028-07-13,241.25,Pagamento Fictício
2028-07-14,233.90,Pagamento Fictício
2028-07-17,211.00,Pagamento Fictício
2028-07-18,291.75,Pagamento Fictício
2028-07-19,167.75,Pagamento Fictício
2028-07-20,223.00,Pagamento Fictício
2028-07-21,286.50,Pagamento Fictício
2028-07-24,112.50,Pagamento Fictício
2028-07-25,120.90,Pagamento Fictício
2028-07-26,222.25,Pagamento Fictício
2028-07-27,126.75,Pagamento Fictício
2028-07-28,259.25,Pagamento Fictício
2028-07-31,247.25,Pagamento Fictício
2028-08-01,218.75,Pagamento Fictício
2028-08-02,187.00,Pagamento Fictício
2028-08-03,251.90,Pagamento Fictício
2028-08-04,289.00,Pagamento Fictício
2028-08-07,120.50,Pagamento Fictício
2028-08-08,243.90,Pagamento Fictício
2028-08-09,105.75,Pagamento Fictício
2028-08-10,279.25,Pagamento Fictício
2028-08-11,232.75,Pagamento Fictício
2028-08-14,175.90,Pagamento Fictício
2028-08-15,236.25,Pagamento Fictício
2028-08-16,134.75,Pagamento Fictício
2028-08-17,190.25,Pagamento Fictício
2028-08-18,194.25,Pagamento Fictício
2028-08-21,168.25,Pagamento Fictício
2028-08-22,298.00,Pagamento Fictício
2028-08-23,210.25,Pagamento Fictício
2028-08-24,279.00,Pagamento Fictício
2028-08-25,196.25,Pagamento Fictício
2028-08-28,255.50,Pagamento Fictício
2028-08-29,216.00,Pagamento Fictício
2028-08-30,197.90,Pagamento Fictício
2028-08-31,190.50,Pagamento Fictício
2028-09-01,257.25,Pagamento Fictício
2028-09-04,237.75,Pagamento Fictício
2028-09-05,223.00,Pagamento Fictício
2028-09-06,130.25,Pagamento Fictício
2028-09-07,264.00,Pagamento Fictício
2028-09-08,161.00,Pagamento Fictício
2028-09-11,147.25,Pagamento Fictício
2028-09-12,295.50,Pagamento Fictício
2028-09-13,199.75,Pagamento Fictício
2028-09-14,240.90,Pagamento Fictício
2028-09-15,222.50,Pagamento Fictício
2028-09-18,183.25,Pagamento Fictício
2028-09-19,222.90,Pagamento Fictício
2028-09-20,287.25,Pagamento Fictício
2028-09-21,263.75,Pagamento Fictício
2028-09-22,294.00,Pagamento Fictício
2028-09-25,170.25,Pagamento Fictício
2028-09-26,189.00,Pagamento Fictício
2028-09-27,181.00,Pagamento Fictício
2028-09-28,209.50,Pagamento Fictício
2028-09-29,115.75,Pagamento Fictício
2028-10-02,272.75,Pagamento Fictício
2028-10-03,147.50,Pagamento Fictício
2028-10-04,202.25,Pagamento Fictício
2028-10-05,235.00,Pagamento Fictício
2028-10-06,159.75,Pagamento Fictício
2028-10-09,237.75,Pagamento Fictício
2028-10-10,120.90,Pagamento Fictício
2028-10-11,156.00,Pagamento Fictício
2028-10-12,194.50,Pagamento Fictício
2028-10-13,225.00,Pagamento Fictício
2028-10-16,297.25,Pagamento Fictício
2028-10-17,239.00,Pagamento Fictício
2028-10-18,204.00,Pagamento Fictício
2028-10-19,163.25,Pagamento Fictício
2028-10-20,137.00,Pagamento Fictício
2028-10-23,125.90,Pagamento Fictício
2028-10-24,188.90,Pagamento Fictício
2028-10-25,206.00,Pagamento Fictício
2028-10-26,217.90,Pagamento Fictício
2028-10-27,135.00,Pagamento Fictício
2028-10-30,186.75,Pagamento Fictício
2028-10-31,132.25,Pagamento Fictício
2028-11-01,155.00,Pagamento Fictício
2028-11-02,253.25,Pagamento Fictício
2028-11-03,128.75,Pagamento Fictício
2028-11-06,115.00,Pagamento Fictício
2028-11-07,249.50,Pagamento Fictício
2028-11-08,132.00,Pagamento Fictício
2028-11-09,123.25,Pagamento Fictício
2028-11-10,100.90,Pagamento Fictício
2028-11-13,255.90,Pagamento Fictício
2028-11-14,282.50,Pagamento Fictício
2028-11-15,166.25,Pagamento Fictício
2028-11-16,109.50,Pagamento Fictício
2028-11-17,157.00,Pagamento Fictício
2028-11-20,112.50,Pagamento Fictício
2028-11-21,118.25,Pagamento Fictício
2028-11-22,161.50,Pagamento Fictício
2028-11-23,197.90,Pagamento Fictício
2028-11-24,154.25,Pagamento Fictício
2028-11-27,262.25,Pagamento Fictício
2028-11-28,196.75,Pagamento Fictício
2028-11-29,256.50,Pagamento Fictício
2028-11-30,209.50,Pagamento Fictício
2028-12-01,282.75,Pagamento Fictício
2028-12-04,170.75,Pagamento Fictício
2028-12-05,251.00,Pagamento Fictício
2028-12-06,125.90,Pagamento Fictício
2028-12-07,224.75,Pagamento Fictício
2028-12-08,193.90,Pagamento Fictício
2028-12-11,123.00,Pagamento Fictício
2028-12-12,150.75,Pagamento Fictício
2028-12-13,110.25,Pagamento Fictício
2028-12-14,159.90,Pagamento Fictício
2028-12-15,262.25,Pagamento Fictício
2028-12-18,135.50,Pagamento Fictício
2028-12-19,256.50,Pagamento Fictício
2028-12-20,292.00,Pagamento Fictício
2028-12-21,258.25,Pagamento Fictício
2028-12-22,125.50,Pagamento Fictício
2028-12-25,276.75,Pagamento Fictício
2028-12-26,127.00,Pagamento Fictício
2028-12-27,262.00,Pagamento Fictício
2028-12-28,217.25,Pagamento Fictício
2028-12-29,213.00,Pagamento Fictício
2029-01-01,120.90,Pagamento Fictício
2029-01-02,253.90,Pagamento Fictício
2029-01-03,259.00,Pagamento Fictício
2029-01-04,117.90,Pagamento Fictício
2029-01-05,119.00,Pagamento Fictício
2029-01-08,126.00,Pagamento Fictício
2029-01-09,189.25,Pagamento Fictício
2029-01-10,244.00,Pagamento Fictício
2029-01-11,184.25,Pagamento Fictício
2029-01-12,247.25,Pagamento Fictício
2029-01-15,128.00,Pagamento Fictício
2029-01-16,299.90,Pagamento Fictício
2029-01-17,279.75,Pagamento Fictício
2029-01-18,121.00,Pagamento Fictício
2029-01-19,144.50,Pagamento Fictício
2029-01-22,131.00,Pagamento Fictício
2029-01-23,130.50,Pagamento Fictício
2029-01-24,150.75,Pagamento Fictício
2029-01-25,155.50,Pagamento Fictício
2029-01-26,229.75,Pagamento Fictício
2029-01-29,206.75,Pagamento Fictício
2029-01-30,299.25,Pagamento Fictício
2029-01-31,179.90,Pagamento Fictício
2029-02-01,224.00,Pagamento Fictício
2029-02-02,194.25,Pagamento Fictício
2029-02-05,127.00,Pagamento Fictício
2029-02-06,256.75,Pagamento Fictício
2029-02-07,140.00,Pagamento Fictício
2029-02-08,146.90,Pagamento Fictício
2029-02-09,121.50,Pagamento Fictício
2029-02-12,234.90,Pagamento Fictício
2029-02-13,280.90,Pagamento Fictício
2029-02-14,165.50,Pagamento Fictício
2029-02-15,139.75,Pagamento Fictício
2029-02-16,266.00,Pagamento Fictício
